added_by.id,track.name,track.external_urls.spotify,track.popularity
,Sensacion Del Bloque,https://open.spotify.com/track/5clFSlfkCRlhnH1cAQjSBi,64
,Quizas - Remix,https://open.spotify.com/track/5lSASgj3h5dWTK7pr4vkBq,1
,Es Un Secreto,https://open.spotify.com/track/2qM1Uus4I6Yx2BGlIzXaI0,26
,Pobre Diabla,https://open.spotify.com/track/26RZ3DhnVlytdG6N1oxW1E,3
,Tu Príncipe,https://open.spotify.com/track/0Q7ZM15J0cJA9rd7pQYdRq,67
,Pasarela,https://open.spotify.com/track/1MfqPCs3Y722VK6zkWZ98Z,66
,Permitame,https://open.spotify.com/track/4uJSxi5beZ9GSzq5OKH09h,20
,Perdóname,https://open.spotify.com/track/4JOcMuy5myeEaNCKlu5j19,2
,Salio El Sol,https://open.spotify.com/track/48NXpYRuvv9izul4oXhqS9,69
,Pam Pam,https://open.spotify.com/track/2up69Rho7swRdP1MHqzX3n,65
,Mis Ojos Lloran Por Ti,https://open.spotify.com/track/4fFgpzgSkmn3wajioLBPOr,68
,Na De Na,https://open.spotify.com/track/2Jz1X6ZB0gkkCVgmeVGVGp,65
,La Botella,https://open.spotify.com/track/1IlJpEiMt4nuLr3cWFQUxa,63
,Ella Y Yo - Featuring Don Omar,https://open.spotify.com/track/6G4U9avyBNEfP0fAIduev3,71
,El Doctorado,https://open.spotify.com/track/2PUbdd0s68EfVKlBCUW9Vq,13
,En La Cama (feat. Daddy Yankee),https://open.spotify.com/track/0smQWysb4n7WOVGv5YMLnF,63
,Gata Fiera,https://open.spotify.com/track/39FpzJz9HbSiTxe97cK4LE,63
,Siente El Boom,https://open.spotify.com/track/2iHr1co9ElgzHredwMNKOy,61
,"No Se De Ella ""My Space""",https://open.spotify.com/track/32SmDHzbqYRAhX9Jq4gDnT,47
,Ven Bailalo,https://open.spotify.com/track/2KtNeULMaw8sFkr8w13WWB,8
,"Lo Que Pasó, Pasó",https://open.spotify.com/track/6z5Xrx58p5Bs18RIe6KXbI,70
,Agarrala,https://open.spotify.com/track/50K0GKbudptd9wZwQlQWdj,61
,Yo No Soy Tu Marido,https://open.spotify.com/track/10bbgurV9w05vJVGAX9jYq,57
,Dile,https://open.spotify.com/track/69Ej1xrGjOcHvIMtMKxK0G,68
,El Telefono,https://open.spotify.com/track/614NVFo5csQqRnryl4jXs2,60
,Atrévete-Te-Te,https://open.spotify.com/track/1q8NdCAQ9QUjpYiqzdd3mv,69
,No Le Temas A Él,https://open.spotify.com/track/6lRjxqSxmiGnFYShwjoDwH,60
,Igual Que Ayer,https://open.spotify.com/track/2WHctubxf8LzrGr62cLz3d,61
,Ayer La Vi,https://open.spotify.com/track/3gvGnkmg8zVZdBAx4B7Cvq,49
,Mírala Bien,https://open.spotify.com/track/04uA3BJ1Rj8DBKkpKCABJx,61
,Pa' Que Retozen,https://open.spotify.com/track/5YJ4BVvTFmVCxUyhKejHfR,67
,Quiero Bailar,https://open.spotify.com/track/4HNlRF6Nux7jU68kTpX7CP,49
,Baila Morena - Original Reggaeton Mix,https://open.spotify.com/track/0kwaKhIcaezQuShga1djFA,63
,Aparentemente,https://open.spotify.com/track/5RCcvZz5i0rckjbCTSPL1s,60
,Rakata,https://open.spotify.com/track/1kQqiC1rS1FiuVpeBKN0QN,64
,Llamé Pa' Verte,https://open.spotify.com/track/7oYouEGAQJpU75CAWFEMi2,48
,Escápate Conmigo - Remix,https://open.spotify.com/track/3njYteZvn759aNUXMCxiRX,58
,Mi Cama Huele a Ti,https://open.spotify.com/track/6YLJCOynR32U4YXtsvzTdC,57
,Noche de Travesura,https://open.spotify.com/track/6ODIW5KyJKtXY2rOuXv9WW,1
,Noche De Sexo,https://open.spotify.com/track/4kAtRwNRLMKuoCbxMSxUGI,66
,Me Matas,https://open.spotify.com/track/6GrPaW2OIHuweYcVRoYbmv,44
,Felina,https://open.spotify.com/track/3QLApyuGYQdSQZTmBXFaSt,45
,La Rompe Corazones,https://open.spotify.com/track/4okba5wu9mMLXx79DXLKi3,8
,Flow Natural,https://open.spotify.com/track/2oeyvFG0mFFDHUxhPVObNk,59
,Yo Voy (feat. Daddy Yankee),https://open.spotify.com/track/5gflgO9EPbIBf16n5TKnQS,61
,Dutty Love,https://open.spotify.com/track/2U4kPiipwfc2oHmd0nGoj5,58
,Quiero Saber,https://open.spotify.com/track/4VKI2yBkCE4mWhFBwZp0LU,50
,Algo Musical,https://open.spotify.com/track/4oYN44rloSqxabqrSgIani,55
,Dile Que Tu Me Quieres,https://open.spotify.com/track/20ZAJdsKB5IGbGj4ilRt2o,16
,Al Natural (feat. Yandel),https://open.spotify.com/track/49vwUeeauJgEQxDViXA01C,59
uaquiro,Comme d'habitude,https://open.spotify.com/track/20eBaxqAuFPdtI8HHBEI2T,3
uaquiro,L'envie,https://open.spotify.com/track/1DssiNss5G9n0SuB7c4Cem,6
uaquiro,Je te promets,https://open.spotify.com/track/66qec4opk3ESgF5SqYlux2,33
uaquiro,Le pénitencier,https://open.spotify.com/track/1nDx1y6psIACzeaDDwYKgH,36
pcnaimad,Calma - Alicia Remix,https://open.spotify.com/track/7h49721ABzBNotuKaP6sx1,54
pcnaimad,I Don't Care (with Justin Bieber),https://open.spotify.com/track/3HVWdVOQ0ZA45FuZGSfvns,97
pcnaimad,Presiento,https://open.spotify.com/track/7nHUD2xhqkehsYk3PT6QDs,76
pcnaimad,Fading,https://open.spotify.com/track/2RP8Svo0pMwZXnVcmOffDw,71
pcnaimad,Mi Persona Favorita,https://open.spotify.com/track/3eB9M6owEHwk4nNrZRNUwd,71
pcnaimad,Sucker,https://open.spotify.com/track/4y3OI86AEP6PQoDE6olYhO,89
pcnaimad,Nada Sale Mal,https://open.spotify.com/track/0tEHuz6x5TDyB3rK6swBsZ,68
pcnaimad,Dancing With A Stranger (with Normani),https://open.spotify.com/track/6Qs4SXO9dwPj5GKvVOv8Ki,87
pcnaimad,Te echo de menos,https://open.spotify.com/track/3gPOFPYLgpvQz0ZMwmv7NE,67
pcnaimad,Don't Call Me Up,https://open.spotify.com/track/5WHTFyqSii0lmT9R21abT8,88
pcnaimad,Tu Foto,https://open.spotify.com/track/1jq9xWt0mdT92G7UoGZWmS,53
pcnaimad,ME! (feat. Brendon Urie of Panic! At The Disco),https://open.spotify.com/track/4Sib57MmYGJzSvkW84jTwh,72
pcnaimad,Con Calma,https://open.spotify.com/track/5w9c2J52mkdntKOmRLeM2m,92
pcnaimad,High Hopes,https://open.spotify.com/track/1rqqCSm0Qe4I9rUvWncaom,86
pcnaimad,Contando Lunares (feat. Cruz Cafuné),https://open.spotify.com/track/6uW0PIRcyZLvkoonm763xD,79
pcnaimad,How Did You Know,https://open.spotify.com/track/01RhPoqZmAH65yoXkMvIvp,38
pcnaimad,Soldi (feat. Maikel Delacalle),https://open.spotify.com/track/1GVBnZF3tHJiWzdCSgg75Z,73
pcnaimad,bad guy,https://open.spotify.com/track/2Fxmhks0bxGSBdJ92vM42m,97
pcnaimad,Con Altura,https://open.spotify.com/track/2qG5sZ7Si6sdK74qLxedYM,89
pcnaimad,Walk Me Home,https://open.spotify.com/track/7DHApOHsIFo7EyfieArYGE,80
pcnaimad,Say My Name,https://open.spotify.com/track/0YammaEkYSeo9vQYZ1OwS6,79
pcnaimad,De tus ojos - Versión Carlos Jean,https://open.spotify.com/track/5msW0VgKGq8KhJ7wBtMb1V,57
pcnaimad,Don't Worry Bout Me,https://open.spotify.com/track/507tQXutCPYNFkpOq8tmKF,76
pcnaimad,Qué Bonito Es Querer,https://open.spotify.com/track/6uzGmmQ4CuG9HvZktEy0LF,61
pcnaimad,Never Really Over,https://open.spotify.com/track/5PYQUBXc7NYeI1obMKSJK0,91
pcnaimad,R.I.P. (feat. Rita Ora & Anitta),https://open.spotify.com/track/6JqpFboOH2bq9pzaYbkKBn,79
pcnaimad,So Am I,https://open.spotify.com/track/0uUNN1nSoUx1A4fkDCWDQ7,86
pcnaimad,De La Tierra Hasta Marte,https://open.spotify.com/track/38B4tbsVbjI69EWVoybDrQ,54
pcnaimad,Heartless,https://open.spotify.com/track/2qQeFPTddiTjhww2QMEJUm,45
pcnaimad,PA DENTRO (feat. Sean Kingston),https://open.spotify.com/track/1S0M5smHxE7kPLnasxkYSD,57
pcnaimad,Late,https://open.spotify.com/track/2rjCYP9ibN6tYXNWF6AqSk,56
pcnaimad,HP,https://open.spotify.com/track/31UjYv5vLsDkzchJOtUMtW,76
pcnaimad,Feisty,https://open.spotify.com/track/11mdfBWcOXCkSlI6dAYjP6,36
pcnaimad,Indios y Vaqueros,https://open.spotify.com/track/3u5GmyJP2MU3tEJgyiAG2T,60
pcnaimad,Get To Know Me,https://open.spotify.com/track/32lyOiqQrmCUICCcBfkBeG,58
pcnaimad,5 Sentidos,https://open.spotify.com/track/7chjOPhoxbpRYSrO1rvdnu,69
pcnaimad,Exactly What You Want,https://open.spotify.com/track/3O9MPVPie4ViTkxlyPUSlb,46
pcnaimad,Sweet but Psycho,https://open.spotify.com/track/25sgk305KZfyuqVBQIahim,88
pcnaimad,Lo Quiero Todo,https://open.spotify.com/track/6gpLTvmHWj12Z03hFgixkH,58
pcnaimad,Swing (Bonus Track),https://open.spotify.com/track/5zUGr7GcNo7UNjvkNYkjiH,37
,Señorita,https://open.spotify.com/track/0TK2YIli7K1leLovkQiNik,100
,I Don't Care (with Justin Bieber),https://open.spotify.com/track/0hVXuCcriWRGvwMV1r5Yn9,79
,Beautiful People (feat. Khalid),https://open.spotify.com/track/70eFcWOvlMObDhURTqT4Fv,81
,Goodbyes (Feat. Young Thug),https://open.spotify.com/track/6vBdBCoOhKHiYDDOcorfNo,92
,bad guy,https://open.spotify.com/track/2Fxmhks0bxGSBdJ92vM42m,97
,Old Town Road - Remix,https://open.spotify.com/track/6u7jPi22kF8CTQ3rb9DHE7,96
,Antisocial (with Travis Scott),https://open.spotify.com/track/1DhRbox3xkceP64k3JeYfW,83
,Callaita,https://open.spotify.com/track/2TH65lNHgvLxCKXM3apjxI,93
,Otro Trago,https://open.spotify.com/track/1Ej96GIBCTvgH7tNX1r3qr,93
,Money In The Grave (Drake ft. Rick Ross),https://open.spotify.com/track/5ry2OE6R2zPQFDO85XkgRb,92
,bad guy (with Justin Bieber),https://open.spotify.com/track/3yNZ5r3LKfdmjoS3gkhUCT,84
,Someone You Loved,https://open.spotify.com/track/7qEHsqek33rTcFNT9PFqLf,87
,Loco Contigo (with J. Balvin & Tyga),https://open.spotify.com/track/1f38Gx6xQz6r4H1jGVNBJo,90
,Panini,https://open.spotify.com/track/6fTt0CH2t0mdeB2N9XFG5r,91
,South of the Border (feat. Camila Cabello & Cardi B),https://open.spotify.com/track/4vUmTMuQqjdnvlZmAH61Qk,83
,Sunflower - Spider-Man: Into the Spider-Verse,https://open.spotify.com/track/3KkXRkHbMCARz0aVfEt68P,92
,Soltera - Remix,https://open.spotify.com/track/1c0hsvHLELX6y8qymnpLKL,92
,Cross Me (feat. Chance the Rapper & PnB Rock),https://open.spotify.com/track/4wuCQX7JvAZLlrcmH4AeZF,79
,Truth Hurts,https://open.spotify.com/track/5qmq61DAAOUaW8AUo8xKhh,91
,Con Calma,https://open.spotify.com/track/5w9c2J52mkdntKOmRLeM2m,92
,Piece Of Your Heart,https://open.spotify.com/track/1DFD5Fotzgn6yYXkYsKiGs,91
,Remember The Name (feat. Eminem & 50 Cent),https://open.spotify.com/track/0AtP8EkGPn6SwxKDaUuXec,81
,LA CANCIÓN,https://open.spotify.com/track/0fea68AdmYNygeTGI4RC18,87
,If I Can't Have You,https://open.spotify.com/track/6LsAAHotRLMOHfCsSfYCsz,92
,Ransom,https://open.spotify.com/track/1kBbgxAUc4HQv7cgIayIDH,88
,You Need To Calm Down,https://open.spotify.com/track/29fRTIKsJhLUJoldM89GZS,91
,No Me Conoce - Remix,https://open.spotify.com/track/4R8BJggjosTswLxtkw8V7P,81
,Never Really Over,https://open.spotify.com/track/5PYQUBXc7NYeI1obMKSJK0,91
,Lalala,https://open.spotify.com/track/51Fjme0JiitpyXKuyQiCDo,80
,Call You Mine (with Bebe Rexha),https://open.spotify.com/track/05CwHjIk71RXVU40boRMnR,90
,QUE PRETENDES,https://open.spotify.com/track/25ZAibhr3bdlMCLmubZDVt,88
,Sucker,https://open.spotify.com/track/22vgEDb5hykfaTwLuskFGD,80
,One Thing Right - feat. Kane Brown,https://open.spotify.com/track/4hPpVbbakQNv8YTHYaOJP4,87
,Summer Days (feat. Macklemore & Patrick Stump of Fall Out Boy),https://open.spotify.com/track/40OMBMYRk5IQL6xCzGM0JA,34
,7 rings,https://open.spotify.com/track/6ocbgoVGwYJhOv1GgI9NsF,89
,It's You,https://open.spotify.com/track/6moU77g9RQyMzHNuKEaQKq,88
,11 PM,https://open.spotify.com/track/7KbF6AdprOXEEHlsq11Z6d,89
,The London (feat. J. Cole & Travis Scott),https://open.spotify.com/track/7DcvwMAiqKJQD1rrdfxSDx,90
,Higher Love,https://open.spotify.com/track/6oJ6le65B3SEqPwMRNXWjY,86
,Old Town Road,https://open.spotify.com/track/53CJANUxooaqGOtdsBTh7O,90
,Shallow,https://open.spotify.com/track/2VxeLyX666F8uXCJ0dZF8B,88
,Con Altura,https://open.spotify.com/track/2qG5sZ7Si6sdK74qLxedYM,89
,Te Robaré,https://open.spotify.com/track/6v0lAdFF4haL8xjBIUjtOw,89
,Talk,https://open.spotify.com/track/6TqXcAFInzjp0bODyvrWEq,85
,Take Me Back to London (feat. Stormzy),https://open.spotify.com/track/1AI7UPw3fgwAFkvAlZWhE0,80
,No Guidance (feat. Drake),https://open.spotify.com/track/6XHVuErjQ4XNm6nDPVCxVX,78
,Best Part of Me (feat. YEBBA),https://open.spotify.com/track/0VsGaRXR5WAzpu51unJTis,78
,SOS (feat. Aloe Blacc),https://open.spotify.com/track/2x0RZdkZcD8QRI53XT4GI5,88
,Happier,https://open.spotify.com/track/2dpaYNEQHiRxtZbfNsse99,89
,Calma - Remix,https://open.spotify.com/track/5iwz1NiezX7WWjnCgY5TH4,88
,Callaita,https://open.spotify.com/track/2TH65lNHgvLxCKXM3apjxI,93
,Otro Trago,https://open.spotify.com/track/1Ej96GIBCTvgH7tNX1r3qr,93
,Señorita,https://open.spotify.com/track/0TK2YIli7K1leLovkQiNik,100
,Soltera - Remix,https://open.spotify.com/track/1c0hsvHLELX6y8qymnpLKL,92
,No Me Conoce - Remix,https://open.spotify.com/track/4R8BJggjosTswLxtkw8V7P,81
,Mirándote,https://open.spotify.com/track/2Zl9S0KGB7VkqQMJgHBQXN,74
,QUE PRETENDES,https://open.spotify.com/track/25ZAibhr3bdlMCLmubZDVt,88
,Loco Contigo (with J. Balvin & Tyga),https://open.spotify.com/track/1f38Gx6xQz6r4H1jGVNBJo,90
,Milionària,https://open.spotify.com/track/2K3bjojp1sCLdMMoO5lJ2p,77
,LA CANCIÓN,https://open.spotify.com/track/0fea68AdmYNygeTGI4RC18,87
,Contando Lunares (feat. Cruz Cafuné),https://open.spotify.com/track/6uW0PIRcyZLvkoonm763xD,79
,Cristina (feat. Shelow Shaq),https://open.spotify.com/track/2egI1hFZDAYrkCgtepoore,79
,11 PM,https://open.spotify.com/track/7KbF6AdprOXEEHlsq11Z6d,89
,Con Altura,https://open.spotify.com/track/2qG5sZ7Si6sdK74qLxedYM,89
,Te Soñé De Nuevo,https://open.spotify.com/track/5s8LepdwU0THzpd0M7nLsa,83
,Cuaderno,https://open.spotify.com/track/7anSoGdgtmJTAPZBzcPhO6,86
,Con Calma,https://open.spotify.com/track/5w9c2J52mkdntKOmRLeM2m,92
,Verte Ir,https://open.spotify.com/track/4lzxJ4jCuFDXXGkE1LmpKR,88
,Pa Mí - Remix,https://open.spotify.com/track/7g8YaUQABMal0zWe7a2ijz,88
,Diavla,https://open.spotify.com/track/1KfrcxnOLyDhd3p4hGrhVe,70
,Tal Vez,https://open.spotify.com/track/5jW3rF4URMdK7tO2xjS5EI,78
,Te Robaré,https://open.spotify.com/track/6v0lAdFF4haL8xjBIUjtOw,89
,Inocente,https://open.spotify.com/track/07eET3PAzpSz5CLE4wGgN5,73
,Soldi (feat. Maikel Delacalle),https://open.spotify.com/track/1GVBnZF3tHJiWzdCSgg75Z,73
,I Don't Care (with Justin Bieber),https://open.spotify.com/track/0hVXuCcriWRGvwMV1r5Yn9,79
,Swing,https://open.spotify.com/track/4DbhxwlkhTbCTqlZptxmI6,82
,Calma - Remix,https://open.spotify.com/track/5iwz1NiezX7WWjnCgY5TH4,88
,Hola Señorita,https://open.spotify.com/track/5vLEmh5EolySKTvXsyWSOg,67
,Contra La Pared,https://open.spotify.com/track/37eGbhE1xVFSvcKkqGb6i1,86
,La Playa,https://open.spotify.com/track/0jeS8PyyIRAG0A3t5DtL71,80
,Déjate Querer,https://open.spotify.com/track/3mN2DtljBhnrIpc3Nu2pJ8,80
,No Te Veo - Remix,https://open.spotify.com/track/0stKSegkdrfLTDvm5sIO38,79
,Mi Morena,https://open.spotify.com/track/6MF2uU7HoQkA1Da2jscqV2,71
,Bésame,https://open.spotify.com/track/2qON8SpeBDBSoWCvDKuwbU,67
,Santa María (Feat. Busy Signal),https://open.spotify.com/track/4R0sTxCaskwCPbzkfXHfWg,68
,Si Se Da,https://open.spotify.com/track/5KbBGUpIZd6gVFUU8tqYiQ,84
,Runaway,https://open.spotify.com/track/7BuSE9uTIw931wtZYzvZcQ,85
,HP,https://open.spotify.com/track/1LIqNVhaIgxXUt2eVoIQJ3,86
,Me Quedo,https://open.spotify.com/track/6Nqi1fWKYXrVXmF3RtQbSf,72
,Enchochado de Ti,https://open.spotify.com/track/6G8TNOdTBpBPmDdJAvoVhA,73
,Cambio,https://open.spotify.com/track/3cg9A9GVyZAT2CPevqWr65,79
,MOJAITA,https://open.spotify.com/track/71pEiUWwfDFiRO6RmFpnBf,80
,Ellos,https://open.spotify.com/track/7bDboJVS7UlQBZj8lsvz2g,36
,Si Supieras,https://open.spotify.com/track/7MRU4vOkywuhZ9kbFiPuiu,81
,Delincuente,https://open.spotify.com/track/3TqLIW3qd4qFYkfYsBjVN6,78
,Que Mas Pues - Remix,https://open.spotify.com/track/7fODjB7BrQTGqh0hogW6XD,86
,Cicatrices (feat. Indara),https://open.spotify.com/track/17nYNma8AncLFqOBk6tu6m,66
,Tú No Amas,https://open.spotify.com/track/5J64qSSq0VZuh0CiI9o9Nq,79
,Date La Vuelta,https://open.spotify.com/track/5lwVd35Zg6DJ4qibVMq99H,81
,Baila Baila Baila - Remix,https://open.spotify.com/track/7mWFF4gPADjTQjC97CgFVt,84
,Let's Go Surfing,https://open.spotify.com/track/2TOoPCW05TjfwMqpVTThVZ,3
,Kill Me - Radio Edit,https://open.spotify.com/track/7lAsHZZVurUKVwOTZSky65,18
uaquiro,La canço del soldadet,https://open.spotify.com/track/6F3Xii0QKvwUU8aL8uy4pY,2
uaquiro,Too Good,https://open.spotify.com/track/11KJSRSgaDxqydKYiD2Jew,14
uaquiro,Washington Square Kids,https://open.spotify.com/track/7mJyVTwuiIED25CKd9Mub1,18
,Cloe,https://open.spotify.com/track/0cNc2tivyPqzgp13BSM7St,50
,The Things We Did Last Summer,https://open.spotify.com/track/1cfMdMmJqBlLn4auevv0iB,51
,Soulful Strut,https://open.spotify.com/track/5rWLLUMytrhz5KJwNjEn5q,50
,Crystal Silence,https://open.spotify.com/track/5F8rPLt2c52p0SK7kiH26b,54
,Bye-Ya,https://open.spotify.com/track/7tgMwYcqWpfZXKIyFcu62O,48
,Autumn Leaves,https://open.spotify.com/track/2iUrcZcAuVIahQD0dg9HLe,56
,All the Things You Are,https://open.spotify.com/track/3TSdkwPeUfvgLwNTF8gfC0,54
,So Tender,https://open.spotify.com/track/0Dt1B5dNfajRczQKZA87aL,53
,Everything I Love,https://open.spotify.com/track/0Pw63fBSPpWdWPfcUr9hY5,53
,Blue Mosque,https://open.spotify.com/track/2PkkapTQ008eN7ySn5dZ64,54
,It Ain't Necessarily So,https://open.spotify.com/track/2qswPLZD9CbUoSidGNyxwm,50
,Triste,https://open.spotify.com/track/7z4EbJbnbvWcP9Bg15fpgC,49
,One For Majid - Live,https://open.spotify.com/track/5vze3yFdib2nLOqpmzl5wO,10
,Senor Mouse,https://open.spotify.com/track/6linlPbVWEecMEMfNcul1e,47
,Aisha,https://open.spotify.com/track/3B5nLEw1jmeZraWXc8uJHe,9
,Comin' Home Baby,https://open.spotify.com/track/6OH7UCFY7SEJxxQkaYfAv8,48
,The Colours Of Chloë,https://open.spotify.com/track/4gP7YhlZqwogw7D0nm0dL4,9
,The Lady Is a Tramp,https://open.spotify.com/track/7nGLgTFlSQf6ZtSjM9kiMS,49
,Skating In Central Park,https://open.spotify.com/track/1cpANF6zMBoFoxkoIjZHjv,60
,A Nightingale Sang In Berkeley Square,https://open.spotify.com/track/4bRNH9mxHDszZGskpBFhPq,15
,Quiet Temple,https://open.spotify.com/track/5XPTuQXrCc8UPDExxVa4vh,53
,Questar,https://open.spotify.com/track/1ChYuSIoOFDVY6fHSXF6zS,48
,A Day In The Life,https://open.spotify.com/track/6f7r5i4xVwePkHDHwwMK75,11
,San Juan Sunset,https://open.spotify.com/track/0Pq0mOdgFXTezl6mMt8a39,49
,My One And Only Love,https://open.spotify.com/track/1HEGcv63IZ7TPncpVKdVdN,54
,Soledad De Murcia,https://open.spotify.com/track/76XN6m7RzGYwnzngUGD6Tt,46
,When Sunny Gets Blue,https://open.spotify.com/track/01HQIKjcODJCBRFoETqngE,15
,The Shadow Of Your Smile,https://open.spotify.com/track/0sRAziWSeUedBSKjapsy9F,51
,Nature Boy,https://open.spotify.com/track/7hDq6sOZ5Rl1XnSSfoOBRK,48
,My Foolish Heart,https://open.spotify.com/track/6yKkA8HzwWTZ5taIMaG4Nm,57
,Cool Out,https://open.spotify.com/track/489alJQIWUauqzKTMuXRjm,11
,All Alone,https://open.spotify.com/track/6TAW00MAPvS59yEoIgtOEI,48
,Stormy Weather,https://open.spotify.com/track/6ffJxrVKkPVW4hiRoiteB2,13
,Monticello,https://open.spotify.com/track/0FKnknau5UBXgN2Q6vVHgC,44
,Corcovado (Quiet Nights Of Quiet Stars),https://open.spotify.com/track/0xcJPMoBe9FenntXbfyx97,11
,If You Could See Me Now,https://open.spotify.com/track/2QZtOFPATNgKpUJiGUARZk,45
,Gary's Theme - 2003 Remastered Version,https://open.spotify.com/track/4G3EKvGtqcUSZqPQIWJFxd,25
,Windows,https://open.spotify.com/track/0m8tSPLHhjhGToD6LW0RPp,44
,Autumn Nocturne,https://open.spotify.com/track/4zPDjRgceGrR0Sm54YDTTf,53
,Fair Weather - Remastered,https://open.spotify.com/track/3X3p3u03P8eFL8WTH0oaaU,47
,Sunday,https://open.spotify.com/track/0iEtT7O43pat2fu6jdaCKl,9
,The Awakening,https://open.spotify.com/track/7GXOrNqnHdJasc81GlKH2D,41
,Midnight Special - Rudy Van Gelder Digital Remaster/2007,https://open.spotify.com/track/6oWhUfePc5h9r5pfw7wvPN,50
,On The Sunny Side Of The Street,https://open.spotify.com/track/0DXb75jBHund71iIpnBBZv,8
,Ruby My Dear,https://open.spotify.com/track/1czzmAtPTw287TyMQEfCfg,50
,Pretty Ballad,https://open.spotify.com/track/3gMMHNUrq3rPeUfgQcAJ2H,53
,I'll Remember April - Instrumental,https://open.spotify.com/track/74HwaWwtVa2buG8OIHZkgs,5
,Love Theme From Spartacus - Remastered,https://open.spotify.com/track/7yzM0pEseQUpb6BMViOPEA,48
,"Take the ""A"" Train",https://open.spotify.com/track/4p4XgwnZJCYOWSvz8ruiOY,43
,Almost Like Being In Love,https://open.spotify.com/track/6CDQBADsdzJwc3qZ3OPDHH,52
ma6666,Lovefool - Radio Edit,https://open.spotify.com/track/6vvYOBxKmCvUSEQgxdZiAq,8
ma6666,Wake Me up Before You Go-Go,https://open.spotify.com/track/5J0S5UgpCwlmEagrqgzvoC,20
ma6666,Karma Chameleon,https://open.spotify.com/track/4NH4xiPQ7TqNGqj6pZV4ki,53
ma6666,Teenage Daughter,https://open.spotify.com/track/1O8F1vfeTf7mxVtUhSx2GD,25
ma6666,Another Sunny Day,https://open.spotify.com/track/4OoxOQQMuB6hcNLF13JVOI,0
ma6666,Work,https://open.spotify.com/track/7kNLkQ2dwCfDhJybPaEz52,21
ma6666,Leeway - Full Version,https://open.spotify.com/track/64e8oBkaI8zUylgrb2Olwe,0
ma6666,L.I.F.E.G.O.E.S.O.N.,https://open.spotify.com/track/1rQllgSxZdFbm8H8KaqBsG,0
ma6666,Girls Chase Boys,https://open.spotify.com/track/3pfdwzqLYcN20GvoYno1Oz,20
ma6666,Let Me In - Soundtrack Version,https://open.spotify.com/track/4WUduEPZZG6wiE9B5IklnY,55
ma6666,Touch Ground,https://open.spotify.com/track/4zluo6Xv1ku4Y9jZfdIGHs,15
ma6666,My Silver Lining,https://open.spotify.com/track/3fKg9Up2k4rMBbGgJQnd85,49
ma6666,Cruel To Be Kind,https://open.spotify.com/track/4SZ7iPaYqIqFg0EhThhQTU,2
ma6666,Pumpin Blood,https://open.spotify.com/track/1lp2sVjzBj4DAVUQ6uTNBD,32
ma6666,Stolen Dance,https://open.spotify.com/track/44stBEuK7DXOyfoyuNndpn,5
ma6666,Museu d'Història Natural,https://open.spotify.com/track/5QJwmz9o4sRAM1l5QT244r,0
ma6666,Monsieur Cousteau,https://open.spotify.com/track/3f1I7xynghbRSrXfNJnEgV,32
ma6666,Louisiana o Els Camps de Cotó,https://open.spotify.com/track/3IeZmxji42gTJ781YVezCp,40
ma6666,L'home Que Dobla en Bruce Willis,https://open.spotify.com/track/6dzBWc4irORpV9U7lTkJId,27
ma6666,Lovefool - Radio Edit,https://open.spotify.com/track/1eRqy8jW4ZLMJR6dl3xsgI,15
ma6666,Where Is My Mind?,https://open.spotify.com/track/5BP0oaQ1VhuaznT77CBXQp,63
ma6666,Here Comes Your Man,https://open.spotify.com/track/0cs671lxX2eoDzr2KMuo3N,64
ma6666,Personal Jesus - The Stargate Mix,https://open.spotify.com/track/1TJh9yLAEvMFIg7TyMeRZR,0
ma6666,Honey And The Bee,https://open.spotify.com/track/34VWeivu3VF3PnkV6MRhNK,35
ma6666,Something Good Can Work,https://open.spotify.com/track/7vIBxqsNQZ3PehEFQr1ZGt,2
ma6666,I Can Talk,https://open.spotify.com/track/4O8FM6y70hB66DKjA9V1WS,0
ma6666,Kill Me - Radio Edit,https://open.spotify.com/track/7lAsHZZVurUKVwOTZSky65,18
ma6666,Something Good Can Work (The Twelves Remix),https://open.spotify.com/track/5ks3okhkCteTbaE7TWttQg,1
ma6666,Midnight City,https://open.spotify.com/track/4kO7mrAPfqIrsKwUOK5BFx,8
ma6666,Kelly,https://open.spotify.com/track/7qEGpNIf3JlfiIkLt65yAI,0
ma6666,Personal Jesus - 2006 Digital Remaster,https://open.spotify.com/track/601h6t4AYzjENLTGjHDbhw,3
ma6666,Enjoy the Silence - 2006 - Remaster,https://open.spotify.com/track/2oZGpVkUrvh7uDOgXwBliN,5
ma6666,Idea Of Happiness,https://open.spotify.com/track/5kjmR6UrEFn3axpSZM758I,0
ma6666,Snow [Hey Oh],https://open.spotify.com/track/4W3Bkljqflf1SD5l2VEtfl,4
ma6666,Little Green Bag,https://open.spotify.com/track/20jhZ58fJ7xTkTudhxrWQg,43
ma6666,Umbrella,https://open.spotify.com/track/3d6wj2ovA7c0fqLrKQD3H2,36
ma6666,Some Nights,https://open.spotify.com/track/67WTwafOMgegV6ABnBQxcE,67
ma6666,We Are Young (feat. Janelle Monáe),https://open.spotify.com/track/5rgy6ghBq1eRApCkeUdJXf,70
ma6666,Gold on the Ceiling,https://open.spotify.com/track/46iI0binWzpkEJgIWTYUBR,46
ma6666,Lonely Boy,https://open.spotify.com/track/3dOAXUx7I1qnzWzxdnsyB8,59
ma6666,Fireflies,https://open.spotify.com/track/1mr3616BzLdhXfJmLmRsO8,20
ma6666,I Was Made for Lovin' You,https://open.spotify.com/track/1scwOPRenO71iomcms70Fc,44
ma6666,Vanilla Twilight,https://open.spotify.com/track/6NpfWGzDIx3LVf2yaWQRcX,2
ma6666,Californication,https://open.spotify.com/track/0v32NbDiKUNuECTAkeCL4a,4
ma6666,Hummer,https://open.spotify.com/track/6Rn7ioctWSUmlKF1QolwQb,42
ma6666,Do You Want It All ?,https://open.spotify.com/track/5dV1khHPHmIb9ThInT5VQ3,0
ma6666,Miami,https://open.spotify.com/track/4jYQI2JsitXwTNWfXOFOdB,45
ma6666,Under The Bridge,https://open.spotify.com/track/06zh28PcYIFvNOAz5Wq2Xb,3
ma6666,Little Lion Man,https://open.spotify.com/track/6b5rA9rthDbZDOQp9UbOgl,10
ma6666,The Cave,https://open.spotify.com/track/33e9HtOfO1ye1h8xQ7Foc9,8
ma6666,Winter Winds,https://open.spotify.com/track/5BgnPaqCgFkm1W17NvVZiQ,2
ma6666,It's a Party,https://open.spotify.com/track/6Yg2HvgdCWVbDZEECX3OmN,0
ma6666,Closer,https://open.spotify.com/track/1O8d2pWtBclzuY3FctBPVa,64
ma6666,Rock & Roll Queen,https://open.spotify.com/track/2B60SqgEPlhOWzRLeQpv0r,32
ma6666,By The Way,https://open.spotify.com/track/2ejDfrNxybmXJi4jf2Wt11,1
ma6666,Reptilia,https://open.spotify.com/track/57Xjny5yNzAcsxnusKmAfA,68
ma6666,Sun,https://open.spotify.com/track/7acHFntM5UgPUQ6jC06J9Q,2
ma6666,Who Needs Love,https://open.spotify.com/track/3V76N9EREEzKqkoHW4fz5F,0
ma6666,Don't Stop (Color on the Walls),https://open.spotify.com/track/11EvmoyFXs3aQMgAvL6DOZ,0
ma6666,Patience Gets Us Nowhere Fast,https://open.spotify.com/track/3bh2Rc2rUsC4HjFRyTZVjY,0
ma6666,Safe and Sound,https://open.spotify.com/track/3DgpQf1o0LA2okhrXsPxYF,1
ma6666,Pumped up Kicks,https://open.spotify.com/track/6qj3fVJJ2PcRxpSG7lDPZ5,4
ma6666,One Day / Reckoning Song (Wankelmut Remix) [Radio Edit],https://open.spotify.com/track/3gNNXc7GUgKRPR15W77eDR,8
ma6666,The World Is Watching,https://open.spotify.com/track/0l9r5oIy6gRHVlmPdigeqk,0
ma6666,Cheap And Cheerful - Sebastian Remix,https://open.spotify.com/track/1yC98dzAZVCiRqZ6mGtsmH,0
ma6666,The Good Life,https://open.spotify.com/track/6aMhOqwmlAhbrevsBtQb65,0
ma6666,King And Lionheart,https://open.spotify.com/track/310d8Vawp5kYDYrGrrTAzl,59
ma6666,Wheels,https://open.spotify.com/track/7HS35r2OVvrj40GxdQqd6P,1
ma6666,Help I'm Alive,https://open.spotify.com/track/3GcH8qkC35CQc4xt6Dhz1r,0
ma6666,Stadium Love,https://open.spotify.com/track/1LfsLFszcXgK4SLZxaomgG,0
ma6666,Charlie Boy,https://open.spotify.com/track/0JgM4DuWvhzzrwFpKpyX3R,0
ma6666,In the End,https://open.spotify.com/track/60a0Rd6pjrkxjPbaKzXjfq,80
ma6666,Numb,https://open.spotify.com/track/0kO3njY9N1Rxgv27Ha1lLh,57
ma6666,Devil's Dance Floor,https://open.spotify.com/track/2DPrCpQlpwWGJSPJJtLTyY,20
ma6666,"You're Gonna Go Far, Kid",https://open.spotify.com/track/3jNyatJv1JxuIlwKoYlo7Y,3
ma6666,Hurricane,https://open.spotify.com/track/4LidQrfqHouXmnAWlJu5vO,0
ma6666,The Best of Me,https://open.spotify.com/track/6n7qHXIVZzZ4Sq3xxbuYQL,0
ma6666,Radioactive,https://open.spotify.com/track/6h1Wkcm9qz79Xt1Qnp4n4A,3
ma6666,It's Time,https://open.spotify.com/track/034tFGRsa8zNOV0Ph2WT9G,0
ma6666,Hear Me,https://open.spotify.com/track/3b2O2I1C188af9bBgOrPew,23
ma6666,Dance with Me,https://open.spotify.com/track/68a7XdvEN4xBpeDEMnFluv,26
ma6666,My Fault,https://open.spotify.com/track/2X0CWqZNLZjzEHpxjhomjT,0
ma6666,Xtatic Truth,https://open.spotify.com/track/0FQbrRdXRcT7GSnwZNCdac,33
ma6666,The Pretender,https://open.spotify.com/track/3ZsjgLDSvusBgxGWrTAVto,9
ma6666,The Plot to Bomb the Panhandle,https://open.spotify.com/track/5ozvYiSPEuhUoHDJBDYN9n,54
ma6666,Faint,https://open.spotify.com/track/2uxL6E8Yq0Psc1V9uBtC4F,55
ma6666,Last Resort,https://open.spotify.com/track/0SjhCnjTT2bXD9RtU8bFT9,11
ma6666,Heads Will Roll,https://open.spotify.com/track/3zvHOVC4jikl6jORSr6OLE,11
ma6666,Heads Will Roll - A-Trak Radio Edit,https://open.spotify.com/track/5c7jkZ4daUcLIrKiyQGt8B,4
ma6666,Thnks fr th Mmrs,https://open.spotify.com/track/18GC3F8YPGB8CePXcTUizQ,8
ma6666,At Home,https://open.spotify.com/track/5Zp4SWOpbuOdnsxLqwgutt,3
ma6666,I Love London,https://open.spotify.com/track/2peZsZ8TzVT5dxlIeN5kgM,0
ma6666,Follow,https://open.spotify.com/track/0MMWj8de7P5rm4OnsJzlMn,0
ma6666,Crave You (Adventure Club Remix),https://open.spotify.com/track/0ekII9O2RfHOivSRY9Bn1U,1
ma6666,Mykonos,https://open.spotify.com/track/3RVupqMb1zXl8FNG9TlWBZ,11
ma6666,Na Na Na (Na Na Na Na Na Na Na Na Na) - Single Version,https://open.spotify.com/track/5FbMKftNTXCKiBYSf0TQrs,34
ma6666,Your Girl,https://open.spotify.com/track/6OFfVyyoLBV5n2q96Wgtnr,0
ma6666,Touching,https://open.spotify.com/track/2a4VkCCWKWA0tQyskkoZHN,0
ma6666,Ho Hey,https://open.spotify.com/track/2nXM8IVqKtyO6JKsLlXWAy,35
ma6666,Somebody That I Used To Know,https://open.spotify.com/track/1qDrWA6lyx8cLECdZE7TV7,72
,Space Date - Pleasurekraft Remix,https://open.spotify.com/track/1lbUtnuS8AYvKd0lziKpJ4,49
,Khidi - DJ Emerson Remix,https://open.spotify.com/track/6uVXs9QPgvG5y7dnBJRpfT,48
,Witch Trials (Salem's Soul),https://open.spotify.com/track/2EieddAdTtevi3njUqj5Ks,49
,Idiolect,https://open.spotify.com/track/2eHeIOnU6XwaGri2vYz8ym,46
,The Yard Man,https://open.spotify.com/track/6bZLnP9lEqExU9sZ1ow97T,52
,Puffer,https://open.spotify.com/track/7zNxJId89QE1t267an0whO,48
,Together,https://open.spotify.com/track/2BDE6wo2p7N24w4mNfNQSR,48
,Higher Self,https://open.spotify.com/track/0f5AJP08aldZZm5KSNIYXc,16
,Vibrancy - Original Mix,https://open.spotify.com/track/1ubk4FS88dx180KNXHYqWw,52
,Psilocybin,https://open.spotify.com/track/0kgH592n0YqyJg32lKME7R,53
,The Return,https://open.spotify.com/track/03Y5VRVt1ASINLvk5Io7VY,0
,Revolution,https://open.spotify.com/track/1ii1wtT2GQ9DjJ4xCa5dmk,49
,Nimbus,https://open.spotify.com/track/77DdPcZAgdV7fvLf2peo7o,52
,Sunfire - Drumcomplex Remix,https://open.spotify.com/track/31RBiHGg0U5pn5Lmrfdggw,48
,Pragmatic,https://open.spotify.com/track/4soqeHQWIAc0yGI4bv7IXi,48
,Sub Zero,https://open.spotify.com/track/450hasKvUpkrpqSTRvL0Rn,47
,Contrast,https://open.spotify.com/track/3NXW0IffkGQ3OPCsctz5Yp,40
,Primitiveness,https://open.spotify.com/track/0SQsjMam5hXTXzxL3324jp,46
,Killer Queen,https://open.spotify.com/track/5UINolmwVBcVYN5kP1hbCa,50
,Love Distortion - Introversion Remix,https://open.spotify.com/track/6aC1SUjlngcdR0M0YbZUf5,0
,Temperature Rising,https://open.spotify.com/track/3rdricUIhHhOEXa8fqYofB,39
,Spinster - Original Mix,https://open.spotify.com/track/3XJZlLMuOCnzBAFatVxds8,45
,Interplugreaction - Marcel Dettmann Remix,https://open.spotify.com/track/7xQqpaPsCYv2WIBQcJCDcF,45
,Yellow Screen,https://open.spotify.com/track/1igGxHIPUYHfWb4u7Y9EmK,46
,Slave to the Rave,https://open.spotify.com/track/2f46NbBjkymBmD71K5INRE,41
,Geometric,https://open.spotify.com/track/0DdzPAxQBaivp4izyUJYdB,49
,Alien Body Double - Original Mix,https://open.spotify.com/track/7FrzWs2YG9lzYI0RkfnZrH,48
,Darkest Moments,https://open.spotify.com/track/3dfFX6R1OCxBjJhWdM4DuG,46
,Rave Nation,https://open.spotify.com/track/0EnXywMFMT19vV38JDIzZP,45
,Violet,https://open.spotify.com/track/0H7OcKLoBOaVMmCBnTbfvP,50
,Berlin,https://open.spotify.com/track/6b8J6KpSQbXnVmkGibFXBt,40
,Hail,https://open.spotify.com/track/1oCy8WtPFKhrq25QeJtpSk,46
,This Is It,https://open.spotify.com/track/4R041kRwUVqdunKvrKDr2P,49
,Caterpillar,https://open.spotify.com/track/4pxNdqnaxVlPWK6p2IuxSa,47
,Thinking About You ft Juliet Fox - Original Mix,https://open.spotify.com/track/5F84K2ltGbHKMYbmujjt8W,55
,Synergy - T78 Remix,https://open.spotify.com/track/4a9vqREY422Hr8NKySHxHB,45
,Elevatio,https://open.spotify.com/track/0CV2ep4Q8YZlZGvbCFG0Uh,44
,Wait,https://open.spotify.com/track/0y1jhyPdx2reWcXodAAIyt,50
,Death by Techno,https://open.spotify.com/track/2Xr9S3VfKpDc5sSHDi6eXJ,51
,Surge,https://open.spotify.com/track/4euf2YGhXMdWfqAqqKg1rx,49
,Why Are We Here?,https://open.spotify.com/track/4LReVzte9B6EOZB895FvsV,48
,Deutsche Welle,https://open.spotify.com/track/0w6Ba8XBJ1iOkblNdJUBlj,52
,Mind Dive,https://open.spotify.com/track/7nfWyYKwpTVlr78lDGNsfw,47
,Is That Hurt,https://open.spotify.com/track/4qro0ijO28ccBz4A81lWuJ,47
,Megator,https://open.spotify.com/track/7yyNaKHvH76G4tohz4cM7u,51
,Believe or Not,https://open.spotify.com/track/4hOKISxzyLJvHBpiNbuMO3,47
,Balthazar,https://open.spotify.com/track/6egKlzcoIcwOy9hy0PiMLA,48
,Machines - Original Mix,https://open.spotify.com/track/3DfXGie9QJ9feRLOjnJsJk,42
,Raging Earth,https://open.spotify.com/track/7LBBjGzqOnwdqKS1rEPN5b,51
,Comatose,https://open.spotify.com/track/7HEVBrwnkGuIBtfer2V25t,52
,Hard Gaan,https://open.spotify.com/track/5G9eGKVbyX9G2lhT5M9fD5,51
,Limea,https://open.spotify.com/track/0ycLuevfRyNiqzC0aH8Zqj,46
,Double Slap,https://open.spotify.com/track/19I2mi8kcf0fmoDphv1SOC,52
,Detection - Extended Mix,https://open.spotify.com/track/41HKSmFFgkHDPB69M1kgWg,38
,Pantagruel,https://open.spotify.com/track/0yndiHV68jSDkxxpdbzxdX,53
,Talking Strangers,https://open.spotify.com/track/7yFES1RhOCE5AjcgDZWfuh,46
,Different Man,https://open.spotify.com/track/31g7DAEKdnyCtkWEODwpWN,48
,Bowie in Harmony,https://open.spotify.com/track/0h3h7Mcu8m3Iw6MUQAWbsK,49
,Run,https://open.spotify.com/track/1pfJ9oNiaEkFrU0wMwkBq9,45
,Eye to Eye,https://open.spotify.com/track/6Phii8mgtx1FQD7beEgUN4,47
uaquiro,Give Life Back to Music,https://open.spotify.com/track/0dEIca2nhcxDUV8C5QkPYb,60
uaquiro,The Game of Love,https://open.spotify.com/track/3ctALmweZBapfBdFiIVpji,55
uaquiro,Giorgio by Moroder,https://open.spotify.com/track/0oks4FnzhNp5QPTZtoet7c,58
uaquiro,Within,https://open.spotify.com/track/7Bxv0WL7UC6WwQpk9TzdMJ,55
uaquiro,Instant Crush,https://open.spotify.com/track/2cGxRwrMyEAp8dEbuZaVv6,72
uaquiro,Lose Yourself to Dance,https://open.spotify.com/track/5CMjjywI0eZMixPeqNd75R,69
uaquiro,Touch,https://open.spotify.com/track/7oaEjLP2dTJLJsITbAxTOz,55
uaquiro,Get Lucky,https://open.spotify.com/track/69kOkLUCkxIZYexIgSG8rq,69
uaquiro,Beyond,https://open.spotify.com/track/0k1xMUwn9sb7bZiqdT9ygx,53
uaquiro,Motherboard,https://open.spotify.com/track/79koEJRtKOOGJ0VSAF3FMk,52
uaquiro,Fragments of Time,https://open.spotify.com/track/0IedgQjjJ8Ad4B3UDQ5Lyn,55
uaquiro,Doin' it Right,https://open.spotify.com/track/36c4JohayB9qd64eidQMBi,62
uaquiro,Contact,https://open.spotify.com/track/2KHRENHQzTIQ001nlP9Gdc,53
uaquiro,Ni tu ni nadie,https://open.spotify.com/track/0B0cIyOh33a7wEWApa4fOr,0
uaquiro,Tormenta solar perfecta,https://open.spotify.com/track/1eqrUH1p11YpQCYK7E6LWz,17
uaquiro,We Are Young (feat. Janelle Monáe),https://open.spotify.com/track/3ehrxAhYms24KLPG8FZe0W,60
uaquiro,Some Nights,https://open.spotify.com/track/67WTwafOMgegV6ABnBQxcE,67
uaquiro,Girls Just Want to Have Fun,https://open.spotify.com/track/7sMGwiS4vOMcz86ZY3vKYM,66
uaquiro,One Foot,https://open.spotify.com/track/1SGLgGAv1W2CRF9sovnJXu,37
uaquiro,Be Calm,https://open.spotify.com/track/6nOperoBfR4UnqbROoTo0r,0
uaquiro,All The Pretty Girls - (Album Version),https://open.spotify.com/track/2AzwpR4ylyWX8SHVqVbtiI,0
uaquiro,The Gambler,https://open.spotify.com/track/4Bk8LjVBcSsHcCXraARKZd,0
uaquiro,Some Nights,https://open.spotify.com/track/67WTwafOMgegV6ABnBQxcE,67
uaquiro,Somebody,https://open.spotify.com/track/3DvZZTxVrDHyiFkEXTJR7A,33
uaquiro,Say When,https://open.spotify.com/track/22RH4uw4LnbMUT7t5mWaAb,20
uaquiro,Everybody Knows,https://open.spotify.com/track/4FFklhUic2ot2TqEilesyM,27
uaquiro,Ghosts In Empty Houses,https://open.spotify.com/track/4PUoI6dHIGYSSYPpxunHiF,19
uaquiro,Don't Let Me Fall Behind,https://open.spotify.com/track/34URg1NnjArdnuveL5EwBz,25
uaquiro,Empire,https://open.spotify.com/track/4ieV3pNsZanLH5Ajg6Dj5w,29
uaquiro,Mistletoe,https://open.spotify.com/track/5I76s7hV87bQgWc6p6x4fx,20
uaquiro,Somebody Told Me,https://open.spotify.com/track/1lDWb6b6ieDQ2xT7ewTC3G,6
uaquiro,Human,https://open.spotify.com/track/5mhUPDWQH3s544WCsa0r9w,16
uaquiro,When You Were Young,https://open.spotify.com/track/3gNGi2iUGHXGpBQHce6Nua,12
uaquiro,All These Things That I've Done,https://open.spotify.com/track/3haN0f2YjW4waIiN38X33J,3
uaquiro,Midnight City,https://open.spotify.com/track/4kO7mrAPfqIrsKwUOK5BFx,8
uaquiro,We Own The Sky,https://open.spotify.com/track/1I4EczxGBcPR3J3KeyqFJP,5
uaquiro,We Are The People,https://open.spotify.com/track/1JqTcOjOn7gEpeC0JcRVPa,49
uaquiro,Walking On A Dream,https://open.spotify.com/track/0mBkoM8r7KAQzZij5swTUL,55
uaquiro,The Cave,https://open.spotify.com/track/4YkmvF9kPRR0HOOK5XUxjZ,1
uaquiro,Little Lion Man,https://open.spotify.com/track/1YER6GeCM2IBftKjbxAe1U,2
uaquiro,Girls and Boys,https://open.spotify.com/track/5CeL9C3bsoe4yzYS1Qz8cw,65
uaquiro,Song 2,https://open.spotify.com/track/3GfOAdcoc3X5GPiiXmpBjK,61
uaquiro,Tongue Tied,https://open.spotify.com/track/0GO8y8jQk1PkHzS31d699N,76
uaquiro,Colours - EP Version,https://open.spotify.com/track/37McwOy3miqBP2NyXMmT5w,40
uaquiro,That's Not My Name,https://open.spotify.com/track/0GrrLYCH8u81aENhC8FBF4,50
uaquiro,Shut Up and Let Me Go,https://open.spotify.com/track/3bu5GJpyHZs8DfPlkKrnnE,46
uaquiro,Club de fans de John Boy,https://open.spotify.com/track/1KhqSLS8YafrUCbjrn8WxZ,53
uaquiro,1999,https://open.spotify.com/track/5uqQQhIvR1S7XiPbc3iWF5,45
uaquiro,Incendios de nieve,https://open.spotify.com/track/0kvlyCagCEMl2RbYbrW7PG,46
uaquiro,La Niña Imantada,https://open.spotify.com/track/03uLxw86NqtmPoES1xqg8L,0
uaquiro,Las malas lenguas,https://open.spotify.com/track/01AhVirdLJOQhUcWfVCTpE,36
uaquiro,Benvolgut,https://open.spotify.com/track/0x9RPIsmo2mU1orXolbpEe,5
uaquiro,La canço del soldadet,https://open.spotify.com/track/6F3Xii0QKvwUU8aL8uy4pY,2
uaquiro,Els guapos son els raros,https://open.spotify.com/track/1qCaiT7206baLMCJN46QRS,0
uaquiro,Common People,https://open.spotify.com/track/5xMAMaVbW3tkjXTmSUBPTd,7
uaquiro,Little Talks,https://open.spotify.com/track/2ihCaVdNZmnHZWt0fvAM7B,72
uaquiro,Dirty Paws,https://open.spotify.com/track/5g7rJvWYVrloJZwKiShqlS,66
uaquiro,King And Lionheart,https://open.spotify.com/track/310d8Vawp5kYDYrGrrTAzl,59
uaquiro,Six Weeks,https://open.spotify.com/track/29uPSxuWuR6Hr1SUu2Cw6z,48
uaquiro,Kill Me - Radio Edit,https://open.spotify.com/track/7lAsHZZVurUKVwOTZSky65,18
uaquiro,La Grange - 1999 Remaster,https://open.spotify.com/track/0FMhMAFPLg8EljnROSoVnj,56
uaquiro,La Grange - 1999 Remaster,https://open.spotify.com/track/0FMhMAFPLg8EljnROSoVnj,56
uaquiro,Sharp Dressed Man - 2008 Remaster,https://open.spotify.com/track/1UBQ5GK8JaQjm5VbkBZY66,70
uaquiro,Gimme All Your Lovin',https://open.spotify.com/track/0OBwxFLu6Yj61s2OagYbgY,65
uaquiro,Viva Las Vegas - 2003 Remaster,https://open.spotify.com/track/3vpwSEDiKJxldfF3ibx8SZ,28
uaquiro,I Was Made For Loving You,https://open.spotify.com/track/0T7dh99RNmewqsv5PoWbE7,2
uaquiro,Born To Die,https://open.spotify.com/track/2wMby9pciuGUIP8q7y4Yn6,50
uaquiro,Reptilia,https://open.spotify.com/track/57Xjny5yNzAcsxnusKmAfA,68
uaquiro,Someday,https://open.spotify.com/track/56NkIxSZZiMpFP5ZNSxtnT,62
uaquiro,Call Me Back,https://open.spotify.com/track/6z5mh42xSM54RncKZMM8hS,51
uaquiro,Is This It,https://open.spotify.com/track/2V0J0EyEjKYra0i4MM8y9n,27
uaquiro,New York City Cops,https://open.spotify.com/track/7xuu4ByQkm8qhnwJQk994r,47
uaquiro,Losing My Religion,https://open.spotify.com/track/74EV0g12ihUoOUXMprFpZB,22
uaquiro,Everybody Hurts,https://open.spotify.com/track/4tCWWnk3BXinf7FllmSyHW,17
uaquiro,It's The End Of The World As We Know It (And I Feel Fine),https://open.spotify.com/track/2oSpQ7QtIKTNFfA08Cy0ku,63
uaquiro,Shiny Happy People,https://open.spotify.com/track/4er8NyQ8cFnZ2b643Tjc44,11
uaquiro,Anastasia,https://open.spotify.com/track/3jaJeSphs7bS5Gt3i5LJL3,52
uaquiro,I'm Gonna Be (500 Miles),https://open.spotify.com/track/66S14BkJDxgkYxLl5DCqOz,72
uaquiro,5 Years Time,https://open.spotify.com/track/1Wl8eGdNRODM6p8LYP2ACB,5
uaquiro,Horchata,https://open.spotify.com/track/6xe8Sx5h8MYL3ZD5totFZT,49
uaquiro,Giving Up The Gun,https://open.spotify.com/track/1qBhwKYvmHynSH2tXcR4hw,48
uaquiro,A-Punk,https://open.spotify.com/track/5dKBaysNJtfpyNTRa5lqDb,67
uaquiro,M79,https://open.spotify.com/track/6moSOpDt0m7rqdbjfT1mbu,47
uaquiro,Restless,https://open.spotify.com/track/3BiQGcQIO9abIlj0ZB3mQU,0
uaquiro,Your Girl,https://open.spotify.com/track/6OFfVyyoLBV5n2q96Wgtnr,0
uaquiro,Gangsta,https://open.spotify.com/track/2g4MlpZWR9KVL1gXwaG6dk,0
uaquiro,Make The First Move,https://open.spotify.com/track/4BRXXxxox9oQAq2CZ9yOLc,0
uaquiro,I'd Rather Dance With You,https://open.spotify.com/track/4hGOhC87bn7JBdYykOJJvJ,55
uaquiro,Misread,https://open.spotify.com/track/3hxoYmSHzIBwSS2bPTOfbg,57
uaquiro,Ho Hey,https://open.spotify.com/track/1jdNcAD8Ir58RlsdGjJJdx,19
uaquiro,Stubborn Love,https://open.spotify.com/track/15twB7zTglmu0Bg8gW4Mrm,8
uaquiro,Charlie Boy,https://open.spotify.com/track/6KsfX9PdGPQt0CnYRxjlx1,31
uaquiro,Big Parade,https://open.spotify.com/track/1NlIo1L29scp2EEfozgblD,32
uaquiro,Summercat,https://open.spotify.com/track/1uK7U9LJlSdz8Lm5eRn9EM,9
uaquiro,We're from Barcelona,https://open.spotify.com/track/6gobLJ63a1TNrSrU53tSj5,37
uaquiro,Mi Realidad,https://open.spotify.com/track/4iUzRZW4b9bHFcErFZzpYv,1
uaquiro,Alta Fidelidad,https://open.spotify.com/track/6yBHR0esuWE4zr0A02qeKY,0
uaquiro,Tap Out,https://open.spotify.com/track/2ThdB23G9Rgf1ExndFGEEg,53
uaquiro,One Way Trigger,https://open.spotify.com/track/5GKVcvTgnFYtfh25qKQtRg,56
uaquiro,2 Minutes to Midnight - 1998 Remaster,https://open.spotify.com/track/6aYXSH9JZrD30Av2KlAOMY,8
uaquiro,Let's Go Surfing,https://open.spotify.com/track/2TOoPCW05TjfwMqpVTThVZ,3
uaquiro,1901,https://open.spotify.com/track/0hYDZYCpymqkOREQAED69h,1
uaquiro,Heads Will Roll,https://open.spotify.com/track/3zvHOVC4jikl6jORSr6OLE,11
uaquiro,Next Year,https://open.spotify.com/track/1Dq5OZpFSDaQnVfJXV0xLn,20
uaquiro,Sleep Alone,https://open.spotify.com/track/4w4GwZrrPIEG2xZpOZkNBH,20
uaquiro,Someday,https://open.spotify.com/track/6TRc3zWnzYjNuiUMXwNxqv,17
uaquiro,The World Is Watching,https://open.spotify.com/track/2oOpwehDcL1r1hmtFVDwqc,16
uaquiro,Something Good Can Work,https://open.spotify.com/track/3YyNH1bYvqT5GLX7lfZXtZ,0
uaquiro,I Can Talk,https://open.spotify.com/track/2Q0nl7bYq4SSMNvabkPHPf,0
uaquiro,Undercover Martyn,https://open.spotify.com/track/1DIzeXpQPxXXLTK9Vif7E8,0
uaquiro,What You Know,https://open.spotify.com/track/6lnQzOpmmXEQrwNAsFj6ly,0
uaquiro,Kids,https://open.spotify.com/track/1jJci4qxiYcOHhQR247rEU,73
uaquiro,Time to Pretend,https://open.spotify.com/track/4iG2gAwKXsOcijVaVXzRPW,68
uaquiro,Cool Kids,https://open.spotify.com/track/13P5rwmk2EsoFRIz9UCeh9,67
uaquiro,Come Together,https://open.spotify.com/track/50pJjHSDBz8DnHYAmHzqQ6,42
uaquiro,Cuando Me Siento Bien,https://open.spotify.com/track/4plaA2BKVLMf4EOn6Fmu2Y,0
uaquiro,No Importa Que Llueva,https://open.spotify.com/track/2sqMdBl5K1lpdm22BTiqBd,0
uaquiro,I'm an Albatraoz,https://open.spotify.com/track/5MhsZlmKJG6X5kTHkdwC4B,70
uaquiro,All of Me (Tiësto's Birthday Treatment Remix) - Radio Edit,https://open.spotify.com/track/1mzGywacjpeik00PVLBPpF,61
uaquiro,Ain't Nobody (Loves Me Better),https://open.spotify.com/track/5afHIkEcVhCF1Z1CTqMUXB,20
uaquiro,If You Wanna,https://open.spotify.com/track/0KNVDEeZWXZPIYKqJeRRpX,62
uaquiro,The Nights,https://open.spotify.com/track/3OwPSJu609AMzotCEyoMiO,13
uaquiro,Geronimo,https://open.spotify.com/track/1EhNT7ZcQa3ppXow0hfuB0,0
uaquiro,On Our Way,https://open.spotify.com/track/2cT0rywZk7Mz7xZEpjdZde,1
uaquiro,Uptown Funk,https://open.spotify.com/track/32OlwWuMpZ6b0aN2RZOeMS,78
uaquiro,19 Dias y 500 Noches - En Directo,https://open.spotify.com/track/3LXFi1Xk9qJsYXYEjDcuVH,58
uaquiro,All About That Bass,https://open.spotify.com/track/0ifSeVGUr7py5GggttDhXw,63
uaquiro,Now That We Found Love - Club Version,https://open.spotify.com/track/07vHAGlaZw0YKWUMSYXDdl,0
uaquiro,Midnight City,https://open.spotify.com/track/4kO7mrAPfqIrsKwUOK5BFx,8
uaquiro,Mi Realidad,https://open.spotify.com/track/4iUzRZW4b9bHFcErFZzpYv,1
uaquiro,Alta Fidelidad,https://open.spotify.com/track/6yBHR0esuWE4zr0A02qeKY,0
uaquiro,Radioactive,https://open.spotify.com/track/0Yo8GhK9HEaeIZetPARrW9,45
uaquiro,Counting Stars,https://open.spotify.com/track/519uJbE3zyKLlToVA65PrP,12
uaquiro,Love Runs Out,https://open.spotify.com/track/3cOO5IQtOYs7huq4Z6lYfr,62
uaquiro,Counting Stars,https://open.spotify.com/track/1QzFhzIOW7CyRJLpmq5CM0,63
uaquiro,Bills,https://open.spotify.com/track/7rlCeTnjn0plPZkVAcctPZ,59
uaquiro,Cups - Radio Version,https://open.spotify.com/track/4iHcYozmOHTNe1Ef2fJfCH,38
uaquiro,Cups - Movie Version,https://open.spotify.com/track/6bJq12xFU6zU51dxQMjiSC,27
uaquiro,Señor Loco (feat. Danny Mazo) - Radio Edit,https://open.spotify.com/track/3izK928yjLCrpFHYeSlESz,0
uaquiro,Dear Future Husband,https://open.spotify.com/track/3cU2wBxuV6nFiuf6PJZNlC,68
uaquiro,One Day / Reckoning Song (Wankelmut Remix) [Radio Edit],https://open.spotify.com/track/3gNNXc7GUgKRPR15W77eDR,8
uaquiro,Pump It,https://open.spotify.com/track/4HuHoYjNcbGIHFpRVbRj2T,45
uaquiro,She Moves,https://open.spotify.com/track/3vI5AzbPh1HFDdGs1dDQeR,44
uaquiro,Thinking out Loud,https://open.spotify.com/track/34gCuhDGsG4bRPIf9bb02f,81
uaquiro,Junk Of The Heart (Happy),https://open.spotify.com/track/2jZgzSxNSg1hTCq0ewWHGJ,62
uaquiro,Naive,https://open.spotify.com/track/7BHPGtpuuWWsvE7cCaMuEU,71
uaquiro,She Moves In Her Own Way,https://open.spotify.com/track/5xoUgPXbMNUmoHU0Enwtwq,68
uaquiro,"Long Days, Hot Nights - Claptone Radio Edit",https://open.spotify.com/track/2utjfvIDOn8mJ7m464WcMX,50
uaquiro,Cheerleader,https://open.spotify.com/track/5ByIHT8s38diBQf6dkEWbt,56
uaquiro,Want to Want Me,https://open.spotify.com/track/0HFx7PLqzGxSfN59j3UHmR,48
uaquiro,"Honey, I'm Good",https://open.spotify.com/track/5PiWljOUte7VNpyn8yFqOg,45
uaquiro,Red Lights,https://open.spotify.com/track/3bT5PDBhVj4ifU11zQvGP2,5
uaquiro,Changes,https://open.spotify.com/track/13qqdlSeF8FcxsRyapDMZ0,62
uaquiro,Little Secrets,https://open.spotify.com/track/3kb38wezoUA8ki5jPYy3t5,59
uaquiro,The High Road,https://open.spotify.com/track/5cwN1htZyoWqZCc33f3RfE,63
uaquiro,Shuffle,https://open.spotify.com/track/4yYvWFUWMaKMXtoJKJnmZk,56
uaquiro,Drive By,https://open.spotify.com/track/1wAXODAAL6hY64ZdhrnjBO,12
uaquiro,Higher Place (feat. Ne-Yo) - Radio Edit,https://open.spotify.com/track/06vbNFn8YyOQhwukVZePTF,0
uaquiro,Animal,https://open.spotify.com/track/6vSq5q5DCs1IvwKIq53hj2,57
uaquiro,Una calle de París,https://open.spotify.com/track/4A2RJRAz3lFGbvHEcZEQ7m,38
uaquiro,Cien gaviotas,https://open.spotify.com/track/5i07tC6hV5AtYTr0tsP0Uy,43
uaquiro,Venezia,https://open.spotify.com/track/7j9KvkECxdsQQesY1GktXj,53
uaquiro,Do I Wanna Know?,https://open.spotify.com/track/3jfr0TF6DQcOLat8gGn7E2,16
uaquiro,Chelsea Dagger,https://open.spotify.com/track/3ItzRpwvKtkDSNdRSjXu7Z,59
uaquiro,Why'd You Only Call Me When You're High?,https://open.spotify.com/track/2v8X6L6j0kbUPXDZwtXvXU,8
uaquiro,When The Sun Goes Down,https://open.spotify.com/track/5npqVYHjQeHFTE9iZBio6Q,4
uaquiro,Mr. Brightside,https://open.spotify.com/track/7oK9VyNzrYvRFo7nQEYkWN,76
uaquiro,Take Me Out,https://open.spotify.com/track/6ooluO7DiEhI1zmK94nRCM,71
uaquiro,Y Sin Embargo - En Directo,https://open.spotify.com/track/2PwlT72CyKMN2WzgCS4yUR,51
uaquiro,Robarle tiempo al tiempo,https://open.spotify.com/track/4fvjKc1K0FUpVfh4jBoLL1,27
uaquiro,Nada de na,https://open.spotify.com/track/0vhSjNUzGyB6JPjZpGOMxR,37
uaquiro,La Lola,https://open.spotify.com/track/5hyq5k3Do9gW3HGvDg5ZEJ,62
uaquiro,"Feo, fuerte y formal",https://open.spotify.com/track/0fh1Gg6g4of33SN2xfmpQ1,0
uaquiro,La taberna del Buda,https://open.spotify.com/track/40A11dg6RXzfDrwMrw5sED,47
uaquiro,Me equivocaría otra vez,https://open.spotify.com/track/5SMdW9cbM4wTMMPI8Ck08a,58
uaquiro,Antes de que cuente diez,https://open.spotify.com/track/3xiNRrrVROKlHrflHGNTfG,57
uaquiro,Estrella Polar (with Juan Aguirre),https://open.spotify.com/track/5NV19rJlAYrAAFXQTZVC55,54
uaquiro,Desde Brasil,https://open.spotify.com/track/7H0PDJwUMTdwQEBb3gXMeI,48
uaquiro,Great DJ,https://open.spotify.com/track/7sARA8PnjFrlTJftDoPZ7f,4
uaquiro,I'm Gonna Be (500 Miles),https://open.spotify.com/track/67iAlVNDDdddxqSD2EZhFs,70
uaquiro,Moves Like Jagger - Studio Recording From The Voice Performance,https://open.spotify.com/track/36RBVJLpBiiBakoMw9FmOV,34
uaquiro,Misery,https://open.spotify.com/track/0RZyUsKfiC7MtiGKatCtGc,59
uaquiro,Animals,https://open.spotify.com/track/16pwlVsypm4aDKMhXdOuXg,62
uaquiro,Maps,https://open.spotify.com/track/5rwdhliMmo0aAQ08vU0AOZ,58
uaquiro,Sugar,https://open.spotify.com/track/494OU6M7NOf4ICYb4zWCf5,64
uaquiro,Love Illumination,https://open.spotify.com/track/7i9dVsjX7Jv7woyqPpMJLn,2
uaquiro,Do You Want To,https://open.spotify.com/track/1IGkKaoHZLodoscIoHVia0,1
uaquiro,Evil Eye,https://open.spotify.com/track/2F3dEXRcLx9nQT8qCnHj1j,0
uaquiro,No You Girls,https://open.spotify.com/track/215eJ9RXX3GcmYtRO3gvFB,0
uaquiro,Ulysses - Live,https://open.spotify.com/track/4WSoCIbLf5sKnXAkxyPYD0,0
uaquiro,This Fire - Live,https://open.spotify.com/track/25RHN7QVjkjBUs33NuI601,0
uaquiro,Get Lucky (feat. Pharrell Williams & Nile Rodgers) - Radio Edit,https://open.spotify.com/track/2Foc5Q5nqNiosCNqttzHof,73
uaquiro,Under Control,https://open.spotify.com/track/4J7CKHCF3mdL4diUsmW8lq,70
uaquiro,How Deep Is Your Love,https://open.spotify.com/track/22mek4IiqubGD9ctzxc69s,74
uaquiro,Blame,https://open.spotify.com/track/07nH4ifBxUB4lZcsf44Brn,72
uaquiro,Budapest,https://open.spotify.com/track/7GJClzimvMSghjcrKxuf1M,75
uaquiro,Blame It on Me,https://open.spotify.com/track/2Zgnaip1c876zmBhz9HifI,67
uaquiro,Barcelona,https://open.spotify.com/track/1yJZwBqTyGTB7mz8nZyiel,66
uaquiro,We're from Barcelona,https://open.spotify.com/track/6gobLJ63a1TNrSrU53tSj5,37
uaquiro,Paradise,https://open.spotify.com/track/6nek1Nin9q48AVZcWs9e9D,75
uaquiro,Raise Your Glass,https://open.spotify.com/track/12lZTPlXwUtrQuhEty6098,61
uaquiro,Payphone,https://open.spotify.com/track/5IWmU2PNimgYuTLddU2DRo,3
uaquiro,Espiritu santo,https://open.spotify.com/track/6qQaWdhOORATK3ut81SdWW,26
uaquiro,Ciudadanos de un lugar llamado mundo,https://open.spotify.com/track/5HH3LhZX8i4HbajFSIYD1o,20
uaquiro,El Tiempo Pasará,https://open.spotify.com/track/5MiEOPJwJovHASBgpIhUw2,0
uaquiro,Arena y Sal,https://open.spotify.com/track/1S86DC4rmH7DHiwlfg7ElP,46
uaquiro,Viento de Cara,https://open.spotify.com/track/5sKdpvvNyRJifUmYLNiYys,52
uaquiro,Lucha De Gigantes,https://open.spotify.com/track/1ozbWlTQASs311dSO5R6vp,55
uaquiro,Club de fans de John Boy,https://open.spotify.com/track/1KhqSLS8YafrUCbjrn8WxZ,53
uaquiro,Alli donde soliamos gritar,https://open.spotify.com/track/29tVNOmg85qDLh2wVnJxpv,55
uaquiro,Centuries,https://open.spotify.com/track/0yhPEz5KxlDwckGJaMlZqM,11
uaquiro,Don't Know Why,https://open.spotify.com/track/7qTakx6QJTVEUiSjJGkMEA,42
uaquiro,Situations,https://open.spotify.com/track/2pimMpK7uxmZkTvdmm7sEu,49
,I Believe,https://open.spotify.com/track/1aJC50YEBQ4RiRhefibS7r,0
,When The Sun Goes Down,https://open.spotify.com/track/2iuIqCjjPKg3DYwHHAo0kJ,1
,Hit Me! - demo,https://open.spotify.com/track/6Z447lIwxlRKdTuIBSTsQw,0
,Tony the Beat - Rex The Dog Radio Version,https://open.spotify.com/track/4Qkd49SzNq7WPvVnlK81Oy,8
,"Harder, Better, Faster, Stronger",https://open.spotify.com/track/2cJz1loJp5EZM6shmQpLZN,47
,My Friend Dario - Live at AB 27-10-06,https://open.spotify.com/track/438JDVFn25wmAnkzg2aK74,14
,Bells,https://open.spotify.com/track/3wUvLTLLq3Fk9WJKBwEBne,22
,Tainted Love,https://open.spotify.com/track/6eTZyUjg4ZoGElNcAINIwJ,5
,She's My Man - (Goose Remix),https://open.spotify.com/track/4oSmQ80PmjkHIS7oGvpWiO,6
,Sex On Fire,https://open.spotify.com/track/7aOoPSmSSkWKnh3zi908ty,5
,That's Not My Name,https://open.spotify.com/track/0GrrLYCH8u81aENhC8FBF4,50
,Electric Feel - Justice Remix,https://open.spotify.com/track/2eGHyarZyRvUgFI4d3G8GN,50
,Paris Is Burning - Cut Copy Remix,https://open.spotify.com/track/3m4WUHNiZaPWpPcqRyylCm,0
,Anyway You Choose To Give It,https://open.spotify.com/track/5czLI0fEgXARoTX8078Ctm,0
,You Gonna Want Me,https://open.spotify.com/track/2HWARzWPkW8bMgzudAgAOg,37
,Crimewave,https://open.spotify.com/track/4xymOOdANFwko4RpeR961e,49
,Want U,https://open.spotify.com/track/46IAn06P5zNkCC3ZnzAmHr,0
,My Love Sees You,https://open.spotify.com/track/11X6SyHo6R76M3rujqaDt4,0
,With You Forever,https://open.spotify.com/track/03l5H0mJfkxq9pFWpjZwLP,0
,Always More (Yuksek Remix),https://open.spotify.com/track/0RoeeO8ozwDBKISGKMm7uq,0
,Fringe Element (Short Like Me Edit),https://open.spotify.com/track/37b60kuP5myISX9YrAGeji,0
,Around the World - Radio Edit [Radio Edit],https://open.spotify.com/track/0TxMRiAvI1s0L821BJJWzx,50
,Mothership Reconnection (feat.Parliament/Funkadelic) - (Daft Punk Remix),https://open.spotify.com/track/5aWVNrjqFHCATLIhS2na3t,41
,Something Good Can Work,https://open.spotify.com/track/7vIBxqsNQZ3PehEFQr1ZGt,2
,Time After Time,https://open.spotify.com/track/0RgZU0Jw4eEkKviZ4tESZx,0
,Lisztomania (Classixx Version),https://open.spotify.com/track/2JKJHtzIRCXoyUPRELqgAB,0
,Xtatic Truth (Xtra Loud Mix),https://open.spotify.com/track/5qBUEC6GPIVUeNiiJldozj,0
,Favourite Things,https://open.spotify.com/track/3Oz1puqgpO5cqQBw7h39Sk,0
,In for the Kill (Lifelike Remix),https://open.spotify.com/track/6QkGYFmaBknP6q3tDtwu4K,0
,Miss Mars,https://open.spotify.com/track/3cr0Z3yOJXD5MfnYRKOcIl,0
,Let's Go Surfing,https://open.spotify.com/track/2TOoPCW05TjfwMqpVTThVZ,3
,Into The Galaxy,https://open.spotify.com/track/4OYu00ga6JWrJRYOR1WGvn,0
,Shadows,https://open.spotify.com/track/4ARD1Gb5bsOKUdPupaHerR,0
,Animal,https://open.spotify.com/track/3DmVO13VPGN8hnKx20FqfR,20
,We Are The People - Shazam Remix,https://open.spotify.com/track/3z453hPKK3APmAie9DjBac,17
,I Love Rock n Roll,https://open.spotify.com/track/0BgKUe4GEXNgxLfGwpNMYV,32
,We Will Rock You,https://open.spotify.com/track/2gAjcFFSYL415Eql7aUPi5,9
,Motorhead - 1997 Remaster,https://open.spotify.com/track/68d9hB6ghE7i56QIW2sFdE,3
,Great Balls Of Fire,https://open.spotify.com/track/2cuD0JZSK34GvmWMwNQI09,0
,All Right Now,https://open.spotify.com/track/1Fnw5pYVeliRig6rUtaIqS,4
,Are You Gonna Go My Way,https://open.spotify.com/track/1GFPpR30uJW1rgbFmYlzhw,1
,Born To Be Wild,https://open.spotify.com/track/7irIbySb39vF0zPXrFHRZM,3
,Smoke on the Water - 1971 Recording,https://open.spotify.com/track/0XHWClSz0v6RIaRSGqJH3X,49
,Eye of the Tiger,https://open.spotify.com/track/2KH16WveTQWT6KOG9Rg6e2,74
,Jump - 2004 Remaster,https://open.spotify.com/track/0Z7O8GMQShj9TJrm2yX1R6,57
,Phantom Pt.II (Soulwax Remix),https://open.spotify.com/track/7pMf2k6NBq8qfLyR0KBMqu,0
,We Are Your Friends - Justice Vs Simian,https://open.spotify.com/track/49ErwcBYfYRPNBdRuPvpYA,58
,Dance With Somebody - Radio Version,https://open.spotify.com/track/5BncQXZqKNmcoy6TRN0IYi,49
,Somebody Told Me,https://open.spotify.com/track/1lDWb6b6ieDQ2xT7ewTC3G,6
,D.A.N.C.E.,https://open.spotify.com/track/0MYTcPXAAmeKBUpBgtAV0J,6
,Ruby,https://open.spotify.com/track/0emrn4R2kas7D8OT9L3iAV,0
,Mr. Brightside,https://open.spotify.com/track/0eGsygTp906u18L0Oimnem,17
,Trash,https://open.spotify.com/track/432O5GrOAeH2cDifxJWMjW,17
,Time to Pretend,https://open.spotify.com/track/3Q9FA2LP9Abih9xkFeNb6U,33
,Du Hast,https://open.spotify.com/track/6GBAgZd12TCbq8YYHfzthu,0
,Under The Bridge,https://open.spotify.com/track/7C3fJ1q01IQ137IQTRwmVZ,4
,Song 2,https://open.spotify.com/track/4F64QXRV1EGHSm5jIeMmcQ,7
,Girls And Boys,https://open.spotify.com/track/0cRVy5HCrvByvYMyeNW76k,2
,Deceptacon,https://open.spotify.com/track/3PVRSOQ57O3LO6HCAPkbfY,5
,Intergalactic - Edited,https://open.spotify.com/track/3gn83PwStatbwHfKwpQ3Od,0
,Sabotage,https://open.spotify.com/track/3EyyhPW2GcLYuwV1MajRd6,32
,Fight For Your Right,https://open.spotify.com/track/1O2DYAwaGNRkGPGKEGpxo5,7
,"Red, Red Rage",https://open.spotify.com/track/4ai8dzSjqQ4n8bqZor7tK9,0
,Tick Tick Boom,https://open.spotify.com/track/2nXCTpJrJci7i4O2epfIUz,2
,Walk Idiot Walk,https://open.spotify.com/track/5Pdd4QCr0rREXM03zBM2Eh,54
,Electrocute,https://open.spotify.com/track/68WVkhoIiZEUENpJZoVnYa,28
,By The Grace Of God,https://open.spotify.com/track/5KpYYRnknZ4rKOk6NYLEjZ,44
,All My Friends Are Dead,https://open.spotify.com/track/1b06IDeGQv0ESwp6b6j8V0,0
,Get It On,https://open.spotify.com/track/7FfQHwYgqEL9TQkZ0VeqTb,0
,Baba O'Riley - Remixed Version,https://open.spotify.com/track/5VKU0Lh9deNkVq046FVIir,0
,My Generation - Artificial Stereo Version,https://open.spotify.com/track/0BzmpYti850uxT6RGSMX2O,0
,Boys Don't Cry,https://open.spotify.com/track/2vwhq1Ebv5v5Ft6NNnNJSC,0
,Where Is My Mind?,https://open.spotify.com/track/5BP0oaQ1VhuaznT77CBXQp,63
,Love Will Tear Us Apart,https://open.spotify.com/track/2JO3HwMRPeya8bXbtbyPcf,68
,"Right Here, Right Now",https://open.spotify.com/track/2nXBu5Ra6LGrJJzXHHm0co,1
,The Rockafeller Skank - Full Version,https://open.spotify.com/track/3Qvf812dY5JVlaZEbzI3nZ,0
,Praise You (Remastered),https://open.spotify.com/track/33EWQl3SDMyCyloqA6A3B6,10
,Spybreak - Short One,https://open.spotify.com/track/4rUEZGC5p2FVOvCC3RX0nR,1
,Killing In The Name,https://open.spotify.com/track/4gpB5yZahk9hG2uSfM6bWX,0
,I Gotta Feeling,https://open.spotify.com/track/70cTMpcgWMcR18t9MRJFjB,18
,Day 'n Nite - Club Mix,https://open.spotify.com/track/5I5JLbTIfzvx42UMuTAXk3,7
,One Way Or Another,https://open.spotify.com/track/5Q7cE6wGHMehLFo2ppkk5D,54
,Call Me,https://open.spotify.com/track/0vLwL4xuJ3s7SeaCdvMqkY,60
,Blitzkrieg Bop - Remastered Version,https://open.spotify.com/track/4oIcI693uzKhCnOkXGMKpm,0
,London Calling,https://open.spotify.com/track/5BXoDYim9Upsv8dsuSJQPa,0
,Should I Stay Or Should I Go,https://open.spotify.com/track/7EwcNyYIMehlWfjk0yprbj,0
,One Step Beyond,https://open.spotify.com/track/6QUOo63GVelaCpRguhKwbT,1
,Iron Man,https://open.spotify.com/track/1sPTEnb7kZhNRavK7BQEW4,0
,Boy From School,https://open.spotify.com/track/7BR8iLWgruHFVRKMMDnIXD,2
,Tribulations,https://open.spotify.com/track/6ciUyTIabyzJkdeg24DrcN,0
,Someone Great,https://open.spotify.com/track/2VGDntFPvgvqSiUf9ITEfW,57
,Daft Punk Is Playing At My House,https://open.spotify.com/track/66TH63hQPeCBZqVDYu1stk,0
,House Of Jealous Lovers,https://open.spotify.com/track/7lsMHdLHRRkGElzVPn91ZW,20
,Take Me Out,https://open.spotify.com/track/7kw6yVmdZGuRcWGi4adXYT,5
,Last Nite,https://open.spotify.com/track/7kzKAuUzOITUauHAhoMoxA,69
,Move Your Feet,https://open.spotify.com/track/5TCTYjsB1gSKF38qKqgXe4,0
,Hey Boy Hey Girl,https://open.spotify.com/track/7kXmJwrZGIhDaLT9sNo3ut,63
,Block Rockin' Beats,https://open.spotify.com/track/2wPFy7SAFnt9Nj2TipWcqb,51
,Smack My Bitch Up,https://open.spotify.com/track/2lBpN5CZ3zLyVIPejUhN6Y,10
,"Axel F (from ""Beverly Hills Cop"")",https://open.spotify.com/track/6Wpt5pCksKi6w2Mxv6beG2,0
nastymondaysofficial,Nasty Mondays,https://open.spotify.com/track/5d1Yak9c4KgCVVGKFYaQ63,0
,Electricity,https://open.spotify.com/track/3vy2QK19RCnS4Egaq9fGhy,39
,Let's Go Surfing,https://open.spotify.com/track/2TOoPCW05TjfwMqpVTThVZ,3
,Pretty Little Ditty - Remastered,https://open.spotify.com/track/0VNgwKioO0om8n9R3oBoIj,52
,Heads Will Roll,https://open.spotify.com/track/3zvHOVC4jikl6jORSr6OLE,11
,Beatbox,https://open.spotify.com/track/5A9hPpYSbtDzU07sJ5Gh1v,18
,1901,https://open.spotify.com/track/0hYDZYCpymqkOREQAED69h,1
,American Slang,https://open.spotify.com/track/0bYOgWCqCiQ6mJZXyLLvQH,11
,The Spirit of Jazz,https://open.spotify.com/track/5FtNsOFq63CELkLkSO8aB6,3
,Terra Titanic,https://open.spotify.com/track/752q3k1ds8JckA7tIakICn,45
,Cut Me Up Jenny,https://open.spotify.com/track/038lKxU1rHh5PDWBh9bY7O,2
,500 Miles,https://open.spotify.com/track/3YzO3szTmPpBOuzbfmjjbw,0
,Long Before Rock 'n' Roll,https://open.spotify.com/track/58IZLB5bpAKQgeccRgq0ZI,41
,It's So Easy,https://open.spotify.com/track/4ly9pKHHeWdAg9EDshrMID,0
,"New York, New York",https://open.spotify.com/track/70fgBn0MXm4YaYf6tXZvQR,37
,Hands,https://open.spotify.com/track/3MGuubCU1L7XWcTWc5Obb1,33
,Love Changes (Everything),https://open.spotify.com/track/2oIQPIbB6PkuTiUTPXfLjn,1
,The Glory Of Love,https://open.spotify.com/track/3YtsV92MuDnTMbaUtDud1S,0
,Miles Davis & The Cool,https://open.spotify.com/track/2QchVq4V2EgF03v5H3x61V,5
,12/25,https://open.spotify.com/track/3Fv6bqapwEtqUmbshAwohB,0
,The Way It Is,https://open.spotify.com/track/6V50MyHPGhEmwYu0Wdyf0t,63
,Part-Time Lover,https://open.spotify.com/track/3USwwsjEPUDbKVqRaAAY4d,3
,Fallen Angel - Remastered,https://open.spotify.com/track/33a9wxJoUW2FKNbd34mwuW,34
,Don't Dream It's Over,https://open.spotify.com/track/4rr67zXmEYf9ykLigeEsbv,19
,Broken Wings,https://open.spotify.com/track/4A5VaeDFaX7XKV0JnsRSxw,47
,All I Need Is A Miracle '96,https://open.spotify.com/track/5EBqyu0T4Q7JcwLoERfZKY,0
,Someday I Suppose,https://open.spotify.com/track/6l5wpx2fgqp2QIx1jf0baj,0
,King Of Fools,https://open.spotify.com/track/3rtP26aaxbuP346mJoEslG,31
,Against the Grain,https://open.spotify.com/track/1RCvVwDf0pBLnE5YHxH0EF,0
,Bro Hymn,https://open.spotify.com/track/4ksd5zvWtM0CHCyK1brHWL,2
,Who's the King,https://open.spotify.com/track/6n2m1NfpDUiZPPRZIrq3PD,36
,The Girl,https://open.spotify.com/track/2KHFNeIuubGY26Rkx0vYL0,2
,Dot,https://open.spotify.com/track/2p2RjUtsNL3YfJrE6DqzZd,18
,If You Only Had A Brain,https://open.spotify.com/track/0Hv5PF7kKGBDhAISQoddPa,7
,Brazen Head,https://open.spotify.com/track/5p0kDBdGvg4VcHXmYGhg4O,0
,If I Can't Change Your Mind,https://open.spotify.com/track/2LPrkSSq4lP39CwlPv1TZo,19
,Drive,https://open.spotify.com/track/5aiNXtWtHaf5s0FolkGFiS,0
,Shreen,https://open.spotify.com/track/4o7N0qtQ4afD2AKG34AeHB,18
,Rockaway Beach - Remastered Version,https://open.spotify.com/track/3Mgc6hFpByowXDImggLF8S,29
,Billy Club,https://open.spotify.com/track/3oMGGzZhXfmcLQwHn4L47c,0
,Five Lessons Learned,https://open.spotify.com/track/7weLJjaOxizHaKex3CgEow,1
,Wonderful Life (Radio Edit) [New Version],https://open.spotify.com/track/3BI9hdtLjLnIe474q98yBq,16
,Cut It Dude,https://open.spotify.com/track/5hk1xouqG4KdfZJQ5CknQc,5
,Welcome To The Jungle,https://open.spotify.com/track/0oWHLtxWeMJhmwxtrxhNK0,1
,Bloody Rag,https://open.spotify.com/track/7vhEI7Hkif4jWMZJQc2dpm,0
,Hawaii - Brian Wilson,https://open.spotify.com/track/1jpNcapYk21W4spk2mZNmG,8
,Bang Bang Bang,https://open.spotify.com/track/1J2AeJHuDUWs2qRyOWqGK4,35
,Roll Around,https://open.spotify.com/track/12aHobjkJoprGKkiqwMIjC,0
,Screaming Infidelities,https://open.spotify.com/track/7CyK1pU6iG8HNXIa9UcMoM,0
,Great Expectations,https://open.spotify.com/track/5sk0L86sDKD0wlRQfMawlx,11
,Me And The Moon,https://open.spotify.com/track/5R2XK7UpWmvy6zd8yoP3BD,0
,The Next in Line,https://open.spotify.com/track/75r725Srn4pAaNZCu3mR0J,0
,The Killing Moon,https://open.spotify.com/track/15049rGLXHwrWtE4euUb5C,62
,Skate Or Die,https://open.spotify.com/track/174t68Pnn9wb1UgM7fCRmY,1
,The '59 Sound,https://open.spotify.com/track/6sAbdRWPf9lsSDbXVgmdwG,12
,We're from Barcelona,https://open.spotify.com/track/6gobLJ63a1TNrSrU53tSj5,37
,Everybody Learns From Disaster,https://open.spotify.com/track/65jQBV6mGpTlhukW43yUPm,0
,From Your Boy,https://open.spotify.com/track/7o33M70eUj9IpwBaEoKdtY,10
,Toys And Flavors,https://open.spotify.com/track/1sXIhT0GekF4SKzhqoRy5Y,24
,Red At Night,https://open.spotify.com/track/1sA2HWmj56pMdXUvRu2BgG,0
,Gloria,https://open.spotify.com/track/0tUxv7rX2Wn241LCA38QEs,28
,Old White Lincoln,https://open.spotify.com/track/2yGO2lMdsKcE9bb3jGnNGM,10
,Girls Got Rhythm,https://open.spotify.com/track/02dI74I4vRO4GTFwayQCxw,5
,Strangers by Night - Maxi-Version,https://open.spotify.com/track/2fkWRtyjRGehSPjfWPxSjC,39
,London Drunk,https://open.spotify.com/track/2Iy1avJInbjaOhzxnbf2lQ,2
,Untitled 21,https://open.spotify.com/track/6S8ClfsbsnrPHFG34OpIeu,0
,No News Is Bad News,https://open.spotify.com/track/7pNfDdiPdCcmuHMtrDx5x9,0
,No Company Town,https://open.spotify.com/track/3reycFjXkqZy8r1tQx5d3y,0
,Like A Parasite,https://open.spotify.com/track/6dsqvSMaowcwhW80cmGuBl,0
,Best Friend,https://open.spotify.com/track/1OIcr761ece0nHP0spPUwL,0
,So Cool,https://open.spotify.com/track/2UQNFDyI3Af95Vzy1Anaag,4
,Blue Jeans & White T-Shirts,https://open.spotify.com/track/6UVDj8Nq9o8AohsJPnCn9o,0
,Done and Done,https://open.spotify.com/track/02fyZicrhhhInX0O2ZGhUz,0
,Waiting..,https://open.spotify.com/track/1u5IkA1iUzuabHsndzunxU,0
,The Secret's In The Telling,https://open.spotify.com/track/1M7gOWguinSzOUifvIn0CB,17
,What's It Feel Like To Be A Ghost?,https://open.spotify.com/track/3N0BqVHTr0ykry3evZHJtz,0
,You've Got The Love,https://open.spotify.com/track/18jk6Dx2PsARpxfIHJTTtD,11
,Under Control,https://open.spotify.com/track/1LaJJxSJmSPrnf4PjHW7su,0
,1989,https://open.spotify.com/track/71EmeiYj16b1x1EG8ygoGw,0
,Trash,https://open.spotify.com/track/6wVgm9tgIEbabePkuZ7no8,10
,Bitch,https://open.spotify.com/track/4ksXUm2Ne37QgZeEZe79B7,0
,Playgirl,https://open.spotify.com/track/48D8yBOZSaMFS8Pc90rhqd,0
,Na Na Na (Na Na Na Na Na Na Na Na Na) - Single Version,https://open.spotify.com/track/5FbMKftNTXCKiBYSf0TQrs,34
,Hey Boy Hey Girl,https://open.spotify.com/track/7kXmJwrZGIhDaLT9sNo3ut,63
,40 Day Dream,https://open.spotify.com/track/1m2A0wGb43khkL02TdRt4K,48
,Let The Music Play,https://open.spotify.com/track/5RgGHpa9S3txqJTxyRChx4,1
,"Right Here, Right Now",https://open.spotify.com/track/2nXBu5Ra6LGrJJzXHHm0co,1
,Kids,https://open.spotify.com/track/1jJci4qxiYcOHhQR247rEU,73
,Living In America,https://open.spotify.com/track/6woZZYrPSdNWpL4K1t6gZP,0
,Uprising,https://open.spotify.com/track/4VqPOruhp5EdPBeR92t6lQ,73
,Painted By Numbers,https://open.spotify.com/track/0vKt8MR7mVWJ7uWH93HYzl,42
,Time to Pretend,https://open.spotify.com/track/3Q9FA2LP9Abih9xkFeNb6U,33
,Won't Get Fooled Again - Remix,https://open.spotify.com/track/6O6M5tLmzgfsmRs4GTKZDo,2
,Bulletproof,https://open.spotify.com/track/3pU3mRumn5rWii1rKNu1eV,8
,Hit Me! - demo,https://open.spotify.com/track/6Z447lIwxlRKdTuIBSTsQw,0
,Standing In The Way Of Control (Soulwax Nite Version),https://open.spotify.com/track/30MQqrksDKGuBAEqsv9dYz,0
,I’m A Man,https://open.spotify.com/track/1fWQpfqqp16vhc2PVjYUnG,49
,Reptilia,https://open.spotify.com/track/57Xjny5yNzAcsxnusKmAfA,68
,Galvanize,https://open.spotify.com/track/4bz7uB4edifWKJXSDxwHcs,61
,The Bitter End,https://open.spotify.com/track/0Zr5wbLji9IPupJ2wu80KY,0
,We Will Rock You - The Rick Rubin 'Ruined' Remix;2010 Digital Remaster,https://open.spotify.com/track/1YcygxNG2JOYBJguh9ZXjM,0
,Sweet Child of Mine (Made Famous by Guns and Roses),https://open.spotify.com/track/6ljjtJCSbEchLXCYwlRK7y,23
,I Hate Everything About You,https://open.spotify.com/track/6rUp7v3l8yC4TKxAAR5Bmx,70
,Wake Me up When September Ends,https://open.spotify.com/track/3ZffCQKLFLUvYM59XKLbVm,73
uaquiro,Fortunate Son,https://open.spotify.com/track/0Ko737UNjXO17LK4Urdlwo,10
